governance,privacy,technical,ethics,org_capability,org_size,readiness_score
1,3,4,4,4,2,57.329916509591236
4,2,4,3,5,0,66.6779409038441
4,2,5,5,4,2,71.9296540355736
3,2,5,4,3,1,59.66701865134577
3,3,4,1,3,2,57.75758049764673
5,2,2,2,2,1,55.672066102056995
1,5,3,2,2,0,49.57196503820869
4,3,3,3,4,2,75.73544743065804
2,5,4,2,1,1,60.58837160903634
1,4,5,5,1,1,69.35021466963462
3,2,2,2,2,1,43.33373908658652
5,2,3,3,4,1,70.22388141899329
4,4,1,1,4,1,58.72261991871833
4,2,4,5,3,0,62.51188845240939
4,2,3,5,3,0,74.14169153131957
4,5,3,4,1,0,74.32423196483794
3,3,3,2,2,0,58.73209109816481
1,1,2,1,1,2,20.239856387692207
5,3,3,4,4,0,76.17577809210118
3,3,4,3,4,0,61.665738200383224
3,5,2,5,2,0,76.17999241381696
2,4,1,4,2,2,53.55704673725338
1,1,2,3,2,1,33.835267633404435
5,1,1,5,5,0,70.79092073552489
4,4,2,5,3,1,78.78170648449513
4,1,4,3,4,0,65.82671268068142
3,2,1,1,3,0,33.89136326481269
5,1,4,1,4,0,58.52160440241657
3,1,2,3,3,2,40.98055931994324
3,5,5,3,2,0,79.637668468129
3,1,4,1,5,1,52.85325970875026
2,1,2,1,4,2,29.047437831847027
1,5,3,4,4,2,62.056278934943876
3,1,1,4,5,1,41.529438321406104
5,5,1,1,2,0,65.7342175596512
1,1,5,3,1,1,33.72313748006408
5,1,5,1,3,0,66.64413746692307
5,1,1,4,2,1,56.889813130170374
2,4,2,5,3,0,70.53974246673441
4,4,1,5,2,1,71.23936644748673
1,3,2,3,2,1,39.8854287208875
4,2,2,4,2,2,62.090350466372435
4,1,2,5,2,1,49.011680595274115
2,3,3,4,4,2,54.18763698159458
1,2,1,3,3,1,36.66571266037555
5,3,5,4,3,2,72.20875168626037
3,4,4,3,1,1,64.8141960753306
5,5,4,5,3,2,86.8986835394079
4,3,1,3,1,1,54.50653527576631
4,1,4,5,2,2,58.61131820976368
4,2,5,1,3,1,65.12124068727596
1,5,1,1,1,1,40.09663711833695
2,3,4,1,2,1,57.001829584406664
3,4,2,3,2,2,59.03367267050812
3,3,4,4,5,1,67.15678597519268
1,1,3,2,5,0,37.765570720863586
3,5,5,1,1,2,61.27881801491634
1,4,1,5,4,2,55.0306862735272
4,5,2,4,4,0,79.94925123157635
4,5,2,4,2,2,85.3459801834641
5,2,2,3,3,1,59.890820046977964
4,2,2,3,4,0,57.66102713162409
2,2,2,1,2,1,34.12120737780892
5,5,1,1,1,2,65.06056850565612
3,3,4,5,2,0,69.90845267239807
2,3,3,2,2,2,48.73312577785745
5,5,5,4,2,1,96.43162958436514
2,4,4,4,2,0,60.91510248122613
1,5,1,2,1,1,47.93087023945356
3,5,1,2,5,1,65.6924892682054
4,1,3,4,1,2,54.93985040050527
1,2,3,1,4,2,37.425316796214275
3,4,2,3,4,0,75.13333879365685
1,5,4,5,4,2,65.9149567462896
4,1,3,4,5,1,64.48966588484207
3,2,4,4,1,0,54.24890464878934
2,3,1,1,2,2,46.92810374310653
2,4,5,1,1,1,61.434131643996025
3,1,2,2,3,1,39.60825060579428
4,4,3,2,4,2,72.56297496715614
5,2,3,1,5,0,66.28847860638278
3,2,5,5,2,0,64.4168761901263
1,3,2,1,2,2,39.790821086140866
5,3,2,4,5,0,76.94652695552205
4,4,2,3,4,0,70.07849356942977
4,2,2,4,4,0,61.790401443788355
1,5,1,2,3,2,49.15527246299825
2,1,1,2,3,0,34.1469383074623
4,5,2,4,2,0,73.2954666651251
5,1,3,2,4,1,57.79492042006218
3,4,2,4,2,0,70.46883120381246
5,2,2,1,5,1,55.747900283257266
5,2,4,1,1,1,63.138181094398725
2,1,2,4,3,1,41.39879628849284
5,4,5,4,2,1,94.7977363472465
2,1,4,1,4,2,39.48258731388079
2,4,1,5,4,1,55.32368369119834
4,4,2,1,5,1,60.15090968369087
4,5,1,5,4,0,77.61732525475306
1,4,2,4,2,0,43.134746702156804
5,2,2,5,2,0,64.60735752621117
1,4,1,5,5,0,44.23817088572858
5,5,1,2,3,0,72.20210677064046
1,2,3,4,1,0,39.49892570621869
4,1,4,2,5,0,53.55971628034074
4,5,2,3,4,0,79.42804701487029
4,1,5,2,1,1,50.46166550807531
4,3,2,3,4,0,67.98471845014107
3,2,5,5,4,0,67.49479588006098
4,1,2,3,4,0,62.007856889477125
2,4,3,1,5,0,60.74775269463074
4,1,4,2,3,0,51.95976064562985
3,4,1,4,3,1,55.41458723894847
3,4,5,3,4,1,78.02762602612154
3,1,2,3,1,2,40.68810934644916
3,1,3,3,1,1,45.15328746489318
1,4,4,2,5,1,64.36119430886048
1,3,4,3,2,2,46.25655563315022
2,1,1,4,3,0,39.45646886087727
1,5,5,5,2,2,74.77313896826153
3,2,4,4,2,2,64.045587441928
4,1,5,5,3,1,69.20193666239663
4,5,3,5,5,2,84.55547059573672
3,1,4,1,3,0,39.30592268739535
5,3,3,2,1,2,59.71877503667402
3,5,5,2,2,1,74.59179613287367
1,3,5,1,1,0,45.310589055288816
4,3,5,1,5,0,72.37463539283114
3,2,3,4,2,2,61.19626804817031
4,1,4,2,2,1,49.06338445468863
3,3,2,1,1,0,44.81909848883675
3,5,3,2,3,1,67.94355481705608
1,1,4,2,5,2,39.479200312127425
3,5,1,1,3,1,63.15738556963708
4,3,4,1,4,0,70.54293400806573
2,3,1,4,1,0,46.45066663544378
4,1,3,5,1,0,66.97115889664292
1,4,3,3,4,2,47.50552360194929
2,1,3,4,1,2,42.9613685944716
3,2,3,5,3,2,62.831684844670306
5,4,3,5,2,1,76.42722476603039
2,1,3,1,1,2,35.503572709088644
2,3,3,5,3,1,54.46708753106061
3,3,3,1,5,1,61.45278659137126
5,1,4,1,1,0,61.28917384064452
5,2,3,3,5,1,72.36166700564164
1,2,4,4,3,1,40.73601092467527
2,4,5,1,4,0,58.166032394169825
5,5,5,2,1,1,85.8235500160658
1,5,1,2,5,2,51.10599321756183
5,1,4,2,1,1,45.52998691153756
2,1,2,5,5,1,56.214151919341205
5,1,1,2,4,0,53.683282531269164
2,3,4,2,2,0,48.90462667999977
3,1,1,1,1,0,36.97477798783332
4,2,5,1,4,0,61.61229993546551
1,5,4,1,1,2,48.55773941197893
3,5,5,3,4,2,81.79176325507018
3,5,4,3,4,1,84.90519229621148
4,2,5,3,2,1,75.11793588986444
5,4,1,5,2,1,74.79855749452055
4,4,5,3,2,1,79.31192829425162
3,1,1,1,2,1,37.957494660424125
3,3,2,2,1,1,42.715081623153246
3,3,1,2,2,2,50.22074168575991
5,2,3,5,4,1,71.32963265928235
2,4,4,2,2,1,59.59239033398291
1,4,2,1,4,1,43.86266186196331
2,3,5,4,5,0,71.50604163557107
1,4,4,3,4,0,59.5905173250323
1,4,4,1,3,0,35.6348486458935
1,3,5,4,2,1,57.89445855852591
4,2,3,2,5,2,65.21076476149629
4,4,2,5,2,2,73.22964174169228
4,4,5,5,3,2,84.4870702689571
3,5,3,2,3,0,75.21080845965203
4,1,4,3,4,2,63.556865645608305
1,3,2,3,3,2,46.188366500965536
5,5,2,4,4,1,88.22245947025284
3,3,1,1,5,0,51.812964998483
5,5,2,2,2,1,68.50991123292899
1,1,1,1,5,2,15.808312931101884
3,1,4,4,1,2,50.61439548990959
4,4,1,1,5,1,64.80472762940559
3,2,4,3,1,1,53.23451834291098
3,3,5,4,5,1,79.00589186140864
1,3,4,5,2,0,56.74364087960137
2,3,3,2,5,1,61.440330351310934
2,5,1,1,1,0,44.5239164643967
2,1,5,4,3,2,57.33807413283845
4,4,1,1,5,2,63.5294253226768
4,5,4,1,1,1,77.50800936315596
4,4,4,5,2,1,70.46681346832861
2,2,1,5,1,2,40.70795862723421
5,1,4,4,2,1,71.24258052694252
1,4,1,5,2,2,56.729482398893246
2,3,2,1,4,1,47.2003575632104
1,1,5,1,2,0,36.536479177892566
2,2,5,2,1,0,53.785591843372224
5,5,2,1,1,0,72.34351337615841
2,2,5,5,5,1,65.20169160666346
5,1,5,1,5,1,69.65153656088773
3,4,4,3,2,1,72.90263631205985
4,1,1,5,1,0,59.45229496637226
3,5,2,4,1,2,68.71302479617646
2,5,4,2,5,1,69.22069448332796
4,5,5,3,4,2,85.72962411981047
5,5,5,3,4,1,94.78698278596814
2,2,3,4,2,1,49.42163578760276
4,2,2,3,4,1,59.94820249511194
2,2,5,2,1,0,44.71061867734563
4,3,2,4,4,0,73.48528598245579
4,5,2,5,3,1,72.2990763642566
3,4,5,3,2,2,68.83944119773494
4,4,3,1,4,0,67.48796630425907
2,5,2,3,4,1,71.95493439944319
1,4,1,5,3,2,48.88658507573837
1,2,3,5,1,2,41.669920930198025
3,3,5,3,1,1,61.245915413331026
5,3,3,1,5,0,78.29448583805656
1,1,4,3,2,0,25.938265032469893
3,4,2,5,2,1,59.98630993925707
4,4,4,5,4,2,96.65644354579776
2,4,4,1,2,0,57.954410367458195
4,3,4,2,2,2,59.470075253303904
2,4,4,3,4,2,64.79041008912615
5,5,3,1,3,0,76.3372728303393
3,3,2,5,4,1,68.23062622952803
3,3,4,1,1,0,63.197510014112815
1,1,5,4,3,2,50.94275840639608
3,4,5,5,3,1,76.3010584849352
5,5,2,4,4,0,86.93542221049103
1,4,4,4,1,0,52.508736515685705
4,5,1,2,1,1,55.83331252005486
3,5,3,5,4,0,69.20045564021777
4,4,3,3,4,0,65.174358027498
4,3,2,1,5,0,55.51777421937864
3,1,5,2,2,1,47.111051161495645
2,1,5,2,5,2,54.566182636873584
4,2,1,3,2,1,45.00299087087983
1,3,2,2,4,0,27.28166848987629
3,4,2,3,1,1,51.780441127052676
1,3,5,3,5,2,57.640701761392904
4,1,3,2,2,0,47.972752560640174
4,2,4,4,5,0,79.59762339654593
1,5,5,2,2,0,57.93228720355425
4,5,4,4,4,2,89.40461731599599
3,2,1,2,3,0,43.905087001595696
4,5,1,5,1,1,69.788476371637
1,4,2,2,1,2,37.82309855575982
1,5,2,1,4,1,49.70608674209616
3,5,4,1,1,1,60.174519365512914
1,4,1,5,2,0,49.85012157127286
2,2,2,5,3,0,49.81875183688156
4,4,2,2,2,0,57.276860334042
1,2,1,4,1,2,38.95947169850297
4,2,1,3,4,0,57.13420240010712
1,4,1,1,4,0,38.75968632928876
1,3,3,3,4,2,50.72746523517655
3,3,3,4,5,1,66.58088739249018
4,2,3,5,1,1,58.662045313683635
1,3,3,5,3,2,54.35248114510582
2,1,4,1,2,1,36.89494122596313
5,4,5,2,5,2,81.2753308218995
5,3,3,3,3,1,63.886163348667374
3,5,4,1,1,2,62.20696323230685
3,3,4,3,4,2,68.83485329791861
2,3,4,1,1,1,44.52670323310571
4,1,1,1,2,0,52.60354346078985
3,1,5,1,4,2,58.42842826826365
2,2,1,2,3,0,44.52165066330239
1,2,3,4,4,0,51.976215060368794
1,2,4,1,3,1,50.26432487469286
5,2,3,5,5,2,73.0649900826373
3,4,2,2,3,0,45.19631307170688
3,1,5,1,1,2,45.76937195823558
3,2,1,2,1,2,42.79109287773769
4,1,2,4,4,2,57.7575848587399
1,2,5,1,1,1,42.377363054838916
1,4,4,1,2,0,55.60455001334937
2,1,1,5,1,1,39.910287872312495
3,2,4,3,2,0,60.994564637955115
4,1,5,2,3,2,56.3021862907362
3,5,1,4,1,1,55.52303155391982
3,4,3,5,3,1,79.07056961512244
5,2,3,2,5,1,68.50450767573534
1,1,1,3,1,2,22.883854082769325
3,1,2,1,1,1,32.89302753226441
3,3,1,2,2,2,43.75438439180871
3,4,1,3,5,2,57.455204894770795
5,3,3,1,3,2,59.58426098698169
2,5,3,5,4,1,64.49789798889746
5,2,2,5,1,2,64.0249781117279
2,2,2,2,4,0,41.03537064839801
3,3,1,2,1,0,50.535796427216475
3,2,4,1,4,1,56.46538326633459
5,5,2,3,1,2,75.32658840038991
3,1,5,1,5,0,52.28439796222774
2,3,3,2,2,1,48.394857921100126
1,3,5,3,1,0,53.8050055181572
2,1,4,4,2,1,52.580978698563385
5,3,2,3,1,0,63.53054086740816
1,3,4,2,1,2,50.395618896621045
5,2,2,4,3,2,66.0399465445397
3,1,1,4,2,2,46.9642355925884
1,1,2,4,2,2,32.55073895705425
2,1,2,3,5,0,34.9370581671568
3,3,1,5,1,1,55.341794940092605
2,1,1,2,2,0,34.62662031573313
1,5,5,5,1,1,70.87673665903785
4,2,3,2,3,1,60.11093330718719
4,4,3,2,2,2,64.25706517022506
1,4,5,3,1,0,52.966268742772044
2,3,2,3,1,2,48.75864134521891
2,5,3,4,5,1,73.13223708099139
4,1,5,2,1,2,54.19550454578088
4,2,4,5,4,1,78.54712094596029
4,2,2,2,5,1,53.58567242726199
5,1,2,3,3,2,55.08238310604479
4,2,1,5,2,2,65.18212606170833
2,2,1,3,4,0,47.342909688669565
1,4,1,4,5,1,50.20995347054489
4,2,4,5,1,0,68.43690354821776
5,5,4,5,5,1,96.77396122261919
5,4,3,3,5,2,67.27193067511311
2,5,4,3,1,2,59.46763025263311
2,1,1,1,1,0,25.745766914453593
1,5,2,3,4,1,54.21694261720348
1,4,2,5,1,1,52.2355128241521
3,5,5,3,4,1,85.6474115647396
3,2,4,2,1,0,50.39232107673036
2,5,5,1,4,0,62.71172601938568
2,3,2,2,2,1,46.624258292555226
5,1,5,2,1,1,61.36688333216098
3,3,1,5,1,2,53.21968249589048
5,1,2,3,1,1,52.5411314042346
5,5,3,1,3,1,87.20918900005493
2,2,1,1,1,1,19.796478695010276
2,2,5,5,5,2,65.05833048433676
5,3,5,5,4,1,87.98155487175805
4,3,3,4,2,1,63.09428753858611
2,1,2,1,5,0,42.49912916064142
4,5,1,1,4,2,68.0662883935982
3,5,4,1,4,2,69.7612269075573
5,4,3,4,1,0,74.64663122328153
2,4,4,4,4,1,67.44021582884176
5,3,4,5,3,0,81.47606673176095
5,3,1,1,5,2,61.608134859371184
1,3,1,1,3,0,33.060004492416006
1,1,4,5,4,0,51.26224657296196
3,1,1,5,2,0,49.766060324139325
1,2,5,4,1,1,43.848699262007116
2,3,1,1,1,0,30.746680503834256
3,1,4,1,5,1,43.257409852582384
5,1,5,1,4,2,70.33198700178798
5,5,3,4,2,2,84.25161646595231
1,2,1,5,4,0,45.52633757966385
5,3,5,4,1,0,71.85250880818266
1,3,1,2,1,0,41.92474061440069
4,4,3,4,3,2,70.95574545927322
5,4,5,1,4,1,81.84102903555628
5,2,4,5,5,1,85.27192330339186
2,5,1,5,4,2,59.06510122101964
5,2,5,4,2,1,73.26837820743667
1,5,1,5,5,0,60.89585887300437
3,3,4,3,3,1,78.28736537732354
3,1,4,3,5,2,59.50562371426012
2,4,2,2,1,0,56.03180575315359
1,1,3,5,1,1,46.02836572595978
4,4,1,4,1,1,63.84005018247261
2,1,5,1,5,0,45.054021141846604
4,2,2,5,1,0,64.29876805409118
3,4,2,1,5,1,51.50944829175977
2,5,3,3,4,1,74.00437561838547
5,3,4,1,1,0,67.00002654109126
1,1,3,4,5,1,31.74888226350912
4,2,3,3,1,1,55.297469524840814
4,5,3,3,1,1,75.2697391046147
2,4,5,4,3,2,68.81488063480117
2,1,2,4,2,0,44.575029054967864
1,2,5,2,2,1,41.74987916143853
5,2,4,5,1,0,66.47008813606196
5,1,5,3,4,2,71.64277298476198
2,5,5,1,1,0,62.157828336449576
1,4,4,1,2,2,47.2580782446884
1,1,2,2,3,0,37.136455733210965
1,4,4,4,3,0,55.74896312430471
5,3,4,3,4,1,79.56582803666174
5,1,2,2,2,2,53.33984985581812
1,3,4,3,4,0,46.216420239319575
4,1,2,5,4,0,53.40484908165744
1,2,3,3,2,2,41.059555081243154
2,5,4,1,2,0,69.90599999343483
3,4,1,1,3,0,53.89634905949406
4,1,2,3,3,2,43.37182587427683
5,5,4,3,1,0,66.44755967440331
1,3,3,5,3,2,57.6652679650219
1,5,5,3,1,2,61.518932585359
2,4,1,4,3,2,59.70632984755185
2,2,4,3,5,0,52.5964103964428
5,3,5,2,3,0,78.75106248929262
4,3,5,4,4,1,83.2308673151393
2,4,1,4,2,1,49.76268180896759
5,2,5,4,5,2,79.86957214884467
3,2,2,1,5,1,49.12631415549195
3,2,2,4,5,2,60.713381732801636
3,2,2,2,4,2,49.928329977440434
1,1,4,4,4,2,51.86998168879743
5,1,4,4,3,0,66.69032405366485
1,5,3,4,5,0,58.358023972684464
1,1,1,5,5,0,49.8848768405659
2,5,5,3,3,1,68.97683131728778
2,1,2,1,1,0,27.157789581411265
1,4,1,4,1,2,43.67098339463909
1,2,3,4,2,0,44.33590554826991
4,3,3,1,1,2,54.066581787558576
5,2,4,1,2,2,62.91283051525495
1,3,5,2,1,0,48.801188842859126
2,3,1,5,5,0,56.874096635104024
3,3,2,3,1,1,40.21256270506342
5,2,3,5,4,1,84.40438153503925
4,3,4,5,2,0,73.26355843232722
4,5,4,3,1,1,78.90311309723492
3,3,2,4,4,0,54.10949329232988
3,2,4,2,5,0,57.64499869375375
1,1,5,1,4,2,38.638420668397934
5,2,3,2,5,2,75.34861882254273
5,1,5,3,3,0,67.07093196582059
1,1,4,1,4,2,41.79039993470046
4,5,2,2,1,1,61.74789773663402
1,1,2,1,5,1,29.73690530173028
4,3,4,4,4,0,73.77224917399657
5,5,2,5,2,1,88.4192256341465
1,5,2,5,2,1,48.55073670484941
3,1,2,2,4,1,38.42168222362784
1,1,4,3,1,0,28.263474171550918
3,2,2,5,5,0,55.56248940119275
5,3,4,3,2,1,69.94199974403946
1,5,5,2,1,0,50.92759372954806
2,2,5,2,2,0,48.32926126692666
5,1,5,4,5,1,66.92642759533292
2,2,1,3,2,2,33.910056381161596
1,5,3,5,3,1,70.002101999551
3,1,2,5,5,0,58.01794035140551
3,2,5,1,1,2,53.93733836086264
4,1,4,4,4,1,59.98610721860443
2,1,2,2,2,2,27.319575204776378
5,5,3,3,4,0,78.30421962232862
3,1,4,2,1,1,46.78395086551993
2,2,3,2,1,0,46.34088389863335
5,5,3,2,4,1,85.5118370856766
5,4,1,1,5,0,70.15306181241667
3,1,3,4,5,2,53.312215679660284
1,3,2,1,4,0,40.12274916201994
3,5,5,2,3,1,73.39328734981378
3,3,5,1,1,0,56.99405118252624
1,3,4,1,2,2,54.18563948479907
4,3,1,2,4,1,48.189998814981934
5,4,5,5,2,2,87.82661592038869
1,1,2,5,3,1,46.058744535980786
4,5,3,2,1,1,61.67054252483231
1,5,5,3,3,0,62.78126287366874
4,1,5,5,2,1,65.3548075121618
3,5,1,2,1,1,53.88355138973009
1,5,2,5,1,0,48.02021420196892
5,4,4,1,3,1,77.9764303016902
1,2,3,2,2,0,41.33143641256572
3,3,2,2,1,0,51.54187662508973
1,5,3,1,3,0,47.648131628544604
5,1,5,5,1,1,72.43255395393648
4,5,2,5,1,0,69.50279880215456
5,5,4,2,1,0,77.33701669614243
3,4,4,5,3,1,85.76733963585438
3,2,5,4,5,0,70.47847688798127
4,3,2,5,2,0,60.06236712006413
4,1,2,5,2,1,56.90167670331957
5,5,3,3,2,0,73.24102036968345
1,2,3,1,2,2,29.004948037424942
4,1,3,5,4,1,58.794384320256036
1,4,4,4,2,2,55.77845273902159
2,4,4,5,4,2,75.68484497794603
5,4,2,5,5,2,85.8919909900842
2,1,4,1,5,1,48.614976641236645
4,4,2,3,3,1,61.50537717204729
3,4,3,1,4,2,58.29342822282176
2,4,1,1,5,0,50.36000553441595
2,5,2,5,4,2,64.85840007305794
3,2,5,5,2,0,65.6081677984945
4,2,3,5,1,0,65.20679346264974
4,5,4,5,1,0,80.25613659399349
5,3,1,4,5,0,72.13029794551014
5,3,4,3,3,0,83.96364228009784
4,2,2,5,2,2,60.14070600506502
4,4,4,3,2,0,78.89668904859604
2,4,5,4,2,2,70.79685033653679
3,1,3,2,5,1,43.66379003256617
1,3,1,4,4,2,39.48931485368238
2,5,3,5,5,1,69.83202058465052
5,2,1,4,2,0,55.72582541533609
3,2,3,3,3,0,54.54855126946594
1,5,1,1,1,1,43.073220240409114
4,1,4,1,5,2,64.27579208352361
5,2,2,4,3,0,67.5408754436254
5,3,2,4,3,1,68.77160221973395
2,4,1,4,3,2,43.588793781850626
3,1,5,5,2,2,62.35294787708669
3,3,5,3,5,1,72.12885096847495
2,1,5,5,3,0,58.9146437676948
2,4,1,4,4,0,66.53120148851666
2,4,2,2,1,1,54.20298273096536
5,3,5,5,2,1,87.92530459124994
4,2,3,1,5,0,54.189614349642
5,1,1,3,1,0,47.43502625401628
5,5,1,5,1,1,75.5257769653575
5,4,2,4,5,2,76.12296437994823
1,2,5,5,2,0,57.5023226249256
5,3,1,1,2,1,57.78454424607853
1,4,5,3,3,0,55.558461034726534
3,4,4,4,1,0,73.98408354548062
3,3,5,4,1,1,67.5115516690443
2,2,5,5,1,0,50.35464426628875
1,4,2,3,1,0,44.74328570827516
1,4,5,4,1,2,61.40603227961452
5,3,1,3,4,0,70.8639618071787
2,1,2,5,2,0,42.31261798436692
2,3,2,1,1,2,44.13969133723604
5,4,1,2,1,1,62.93570993385108
1,5,1,1,3,0,37.42472695481211
5,3,1,4,5,1,63.924166132587445
5,2,1,2,2,1,59.61279935074674
3,3,2,2,1,0,54.97992089190884
1,1,1,5,2,1,35.614546152023614
1,1,1,2,3,1,34.47853360590014
2,4,5,1,1,0,62.28304924520804
3,5,1,1,5,2,63.41814364739861
1,5,1,2,4,1,44.44344255633163
3,3,1,5,2,2,64.65714375516171
1,1,1,3,5,0,36.68150716104137
3,5,3,5,2,0,72.07080612694189
1,3,5,2,1,2,45.6586499734735
4,2,4,2,5,2,67.28391890756927
1,5,3,1,5,0,47.64470457580774
1,4,1,2,2,2,43.49836637676431
1,4,4,3,3,0,52.23214592652986
5,2,1,5,1,1,62.85304054412144
1,5,4,2,4,0,58.391898313209204
3,3,3,4,4,1,63.67790643637648
3,3,5,4,4,2,69.21545063617468
3,4,2,2,3,2,57.19385284409598
4,4,4,5,4,2,92.44689773008677
5,1,3,3,3,0,68.9252981352432
2,2,3,1,5,2,48.772394774977286
5,2,5,5,1,1,76.87352867217524
2,5,4,5,3,1,78.22100595346443
5,4,3,1,3,2,76.64985197053778
3,2,3,5,3,1,56.850908088962356
4,4,4,5,1,1,76.61280566183899
5,4,2,5,2,1,67.8902088521596
4,2,1,2,5,1,59.61551055130447
5,3,3,4,1,2,81.32512128850429
3,5,1,3,4,1,64.40041312311541
1,3,1,4,4,1,34.37494937548492
3,1,3,4,3,0,56.04445258288516
1,4,4,4,1,1,51.479554169254605
5,3,4,3,1,2,68.6832527916777
2,3,2,4,2,1,54.13288194895502
2,4,3,3,1,0,56.27277062756363
2,5,1,1,1,1,43.559456123307
4,2,4,1,1,2,51.751971836991686
3,3,2,5,1,0,58.62918027610416
5,1,4,5,5,0,73.95267223743816
3,4,5,3,4,1,69.45381433198494
2,3,4,1,1,1,46.337184092608204
1,2,2,4,4,0,45.69796311627593
1,4,5,1,1,2,50.10948266590184
2,3,4,2,3,2,47.93245700875908
5,3,4,2,1,1,73.9453231068777
3,3,5,1,1,1,44.30594281528332
5,2,5,5,1,0,74.76817422485783
1,1,1,3,3,2,26.89900772723042
1,5,5,2,3,2,63.74089438935706
5,1,4,3,2,1,66.80830903901368
1,2,2,1,4,1,40.633824041305175
1,4,2,3,4,2,47.4379756332392
3,1,4,3,4,2,58.9329116866674
5,4,2,2,3,0,70.97909193940731
4,4,3,5,3,2,68.44230312408389
1,4,4,2,3,2,63.502701277170544
5,2,4,1,2,2,55.806124363799
5,1,5,3,3,1,72.09748636154858
5,5,1,5,1,1,77.94979972098874
5,2,2,2,5,0,65.37818391164538
2,5,5,1,2,1,61.527115589191965
5,1,3,5,4,0,74.13626325570252
2,1,2,3,5,1,36.19816263028453
5,4,2,1,3,0,66.67085605663038
3,5,2,4,5,1,70.1806266172377
4,5,3,2,3,1,69.61351028966486
4,4,2,5,1,0,71.14373893726773
4,2,4,2,1,2,63.38739271359841
4,5,3,3,1,1,70.28372119081567
4,4,4,3,5,2,82.90340544962889
4,1,1,2,3,0,45.24870332722299
1,1,4,3,2,2,35.53633895380996
5,5,5,1,3,0,82.71023953379469
3,2,1,4,2,1,46.50257054604192
2,4,2,4,5,1,58.516700437472764
3,1,4,5,5,1,66.14241464327917
5,2,4,2,1,1,65.17323093852379
5,2,4,2,4,2,62.04675150865291
5,2,3,3,2,0,56.74237002380321
3,4,4,4,1,2,70.12342226602877
4,5,4,5,5,0,85.92356785602733
2,5,1,1,1,0,47.510205775501625
4,4,4,2,2,0,73.90465789054595
4,2,3,2,1,2,47.645235812972196
2,5,1,2,3,0,45.94231372711907
2,3,3,3,3,1,62.37215841197647
1,3,3,5,2,1,53.75785391481231
1,4,1,1,1,2,32.90379671663364
3,4,5,5,1,1,70.33029773676869
3,5,2,4,5,2,70.4477957554636
1,3,2,4,5,2,45.04713831943345
3,4,3,4,5,2,76.41706087045296
4,4,5,1,3,2,69.11624423196841
2,2,4,4,3,0,61.467672941081325
2,2,4,2,4,1,49.99685540114994
2,4,2,3,4,1,51.78324908191343
3,1,5,4,3,0,58.86849205993099
2,2,5,4,2,0,44.879166112492925
4,4,3,2,3,0,67.39615711662996
2,5,3,2,1,2,56.14940404434921
3,3,1,3,1,1,52.12371373273984
2,2,4,1,4,0,39.56847536008311
1,3,5,4,5,2,68.80933180431774
4,4,3,1,1,2,65.10299647498829
2,3,3,3,1,2,56.26021781849333
2,1,3,4,1,2,42.73639311997932
4,3,1,1,4,2,59.06948417051377
5,3,4,5,2,0,72.64377982546547
4,4,4,2,2,2,73.56523782602267
5,5,5,1,1,1,76.14418618950027
5,5,5,4,5,1,88.74299083788532
3,4,3,3,3,1,59.37929740917819
4,2,5,4,4,1,74.02765569314636
2,3,3,4,4,1,54.87850395891199
3,1,4,3,1,2,51.880367658479
3,5,4,5,5,0,74.95881222497992
5,5,5,2,3,0,76.36451228192068
5,5,4,3,4,0,94.8619371707179
3,2,1,1,2,2,43.51900064700716
4,2,1,4,5,1,54.75351582043096
2,5,3,2,5,1,64.9850017826473
5,3,3,4,3,1,80.09753530100662
3,4,4,5,1,1,73.09600304145305
3,3,3,5,5,1,70.74111548091739
4,3,3,5,5,0,81.47577040656299
4,4,5,1,3,0,69.3464376239939
1,5,2,1,3,2,48.15589224332315
2,2,3,5,2,1,52.91075680853804
1,5,3,2,1,0,49.636189761644786
4,2,3,1,5,1,57.05097244289624
1,3,5,2,3,1,53.36434118914244
2,5,5,5,2,0,76.17203747992764
3,5,3,2,4,0,63.75786178732737
4,5,3,1,1,2,70.00897954950224
3,2,3,4,1,0,49.11807396116871
5,5,1,1,2,0,64.90883277726412
5,5,3,2,3,1,77.52359763639974
1,5,2,1,2,1,47.79051806329608
5,1,1,4,1,2,42.404480298913334
4,4,1,3,2,2,65.4545490746473
4,5,3,5,2,0,76.61504826193918
1,4,1,2,3,1,48.09981647388528
4,2,4,2,3,0,59.60917537741921
4,4,3,1,5,1,68.75578207132995
3,1,2,2,5,0,56.56893020034211
1,3,4,3,2,0,48.61330895603166
3,4,3,1,5,2,69.1942494233673
5,3,4,3,3,0,76.1952254278228
4,4,4,5,1,1,79.07709415146745
1,2,1,4,2,0,36.34979294705687
5,4,2,4,4,2,82.23925813150062
5,4,3,5,5,2,83.57234193573473
1,4,5,4,2,1,57.07975738490407
5,2,1,4,1,2,54.8071190481149
3,2,1,5,1,1,49.49855188162045
3,2,5,1,1,0,51.89590607224835
3,3,5,5,4,0,79.55137438235589
4,3,1,2,3,0,61.523658499107604
5,2,3,4,3,0,65.12080831382495
4,3,4,5,4,0,74.33025604193034
5,2,1,3,5,0,55.81880290843574
5,2,2,1,4,1,69.15186495379552
1,4,2,2,1,0,43.523347495609144
2,5,4,3,3,1,70.3990116002579
4,2,2,5,5,1,60.29895807484476
3,5,3,5,4,2,77.99415005496563
1,3,2,3,2,1,44.54623992206543
1,1,4,5,2,2,44.73621154732788
3,2,1,3,5,1,56.378528124131975
4,1,2,3,1,0,59.55915562821415
1,1,2,5,3,1,35.26468586453024
1,2,5,4,1,1,44.88956377011652
1,3,5,3,5,1,55.611219672357116
3,4,3,3,1,1,69.03099580008247
1,1,1,4,1,1,34.21177658514843
3,5,4,4,2,0,74.32236091103177
3,2,3,3,2,0,53.18279832200437
3,1,5,1,3,2,47.917281869016385
4,4,2,1,2,2,63.450135788715926
3,4,5,1,2,0,63.10049087945723
4,4,5,3,3,2,77.699617302725
4,1,2,4,3,2,58.04394885764629
5,1,4,5,5,0,75.06002530958389
4,2,2,2,3,2,52.82517003251077
3,3,2,4,3,1,59.05287602764538
3,5,2,4,4,2,74.97677706896539
2,2,4,1,1,1,51.232465377419175
3,1,2,2,4,1,47.92743116123041
1,5,4,2,5,0,67.01657111812133
5,1,3,5,2,0,65.00072968949438
5,1,4,5,1,1,64.46101068415642
1,3,5,5,2,2,63.26993116117558
4,3,1,3,2,2,56.85620412300285
1,4,5,3,3,2,53.886856756251255
4,5,1,2,5,1,67.35965188287201
1,5,3,4,3,1,60.585514882592236
3,2,2,1,1,1,38.44771066485761
4,5,4,2,2,2,82.40867797271063
4,4,4,1,4,0,73.39919518451109
3,1,5,3,2,0,62.86587458944323
5,5,3,2,3,2,80.3171263082608
4,1,5,1,4,1,60.40693918212539
2,3,2,2,2,1,40.317010911948756
4,4,2,5,4,2,75.05964766598284
4,2,2,3,2,2,55.06526962837721
2,2,3,5,1,0,44.16443057982883
4,3,4,5,2,1,71.30236265114803
5,5,5,5,3,1,94.38358700741819
5,2,2,2,1,2,58.0673977202786
4,4,2,5,5,2,79.30675055992853
4,3,5,5,3,1,77.09340759017398
2,1,3,5,1,2,48.34434801270943
4,4,2,2,5,1,67.08960535325741
2,5,5,2,5,2,58.65189987572522
3,3,3,3,1,1,53.576489840242296
2,1,5,5,1,1,59.39494320071189
2,1,5,5,2,1,47.59097121686161
1,3,5,3,3,2,56.56345600207769
5,3,3,1,4,1,75.92630607092643
1,3,4,3,3,0,48.19693523494759
1,2,5,4,4,0,56.010745402138426
5,3,2,3,1,1,57.479918713860386
3,2,1,2,4,2,54.13615570831786
3,4,2,2,5,1,61.58333686501692
4,4,4,1,3,1,69.23313421397009
2,4,3,2,3,2,62.771502327528104
1,1,1,4,2,1,34.3073919732274
4,5,3,2,5,2,72.6218563375163
1,1,1,5,1,1,28.76361037956342
3,5,3,1,2,2,64.4746565226165
5,1,3,3,1,2,54.87939472468529
5,3,4,3,5,1,69.41378343939736
2,1,3,5,3,0,49.73379600680461
4,1,3,5,5,1,58.598936694375936
4,4,4,3,4,0,85.08140876781863
3,4,4,4,3,1,72.88393818881578
1,1,5,4,3,0,44.474124716282134
2,5,2,3,2,1,54.50683792668774
4,2,3,1,3,1,45.55301206063041
5,2,2,3,4,0,59.50269056609747
1,2,3,2,5,0,49.081616012703506
4,3,1,3,3,1,69.15893072746195
5,1,3,4,5,0,72.63198256599479
5,3,1,2,5,2,64.53978730689485
3,2,3,2,3,2,49.84020312173041
1,1,5,5,3,2,47.217520932118184
2,2,5,2,1,0,60.2988294966987
5,4,3,1,2,2,68.05625649067812
5,4,1,4,5,1,86.57814915031253
4,2,2,4,1,1,62.967597548050314
1,2,1,5,2,0,30.296017843268633
1,4,4,4,4,1,58.67023802120354
3,4,5,5,2,2,73.65477437913088
3,5,3,3,5,0,73.6007681794713
1,5,1,2,4,0,48.698428734431225
4,5,1,5,1,1,84.9811954769907
3,5,5,2,2,1,67.61386062762621
1,3,2,2,4,1,44.144849678321954
1,2,1,5,5,1,48.082538712339016
3,2,1,5,5,0,56.99213997765401
4,2,2,2,5,0,58.55090288890678
5,4,4,4,1,0,74.77595552846707
3,4,5,5,4,0,81.5324309730134
2,5,2,4,1,2,61.55699498087186
5,1,4,1,1,2,57.638002921355636
3,3,1,4,4,1,59.85100451956045
2,2,1,1,3,0,42.06303950318116
3,5,1,5,4,1,74.68483270957171
1,2,5,1,5,2,49.356473067487194
2,1,3,5,1,0,40.141208240583616
3,3,5,1,3,1,58.99997362644439
5,5,1,3,5,1,76.90184424041293
4,5,1,2,3,0,66.26172915670723
4,1,5,5,3,1,67.60833619250303
3,2,1,2,3,1,39.32133400407825
1,1,1,4,5,1,31.059006554398316
2,2,3,1,1,2,30.744111204722344
5,3,4,3,5,1,78.82524648112715
1,2,2,5,5,0,41.65167278964848
5,1,3,5,5,0,66.99737157921304
4,3,4,2,3,1,65.03049063577849
2,1,3,2,3,2,34.32041345304283
4,2,2,3,2,0,56.89876094249349
5,1,1,3,2,0,55.701115318028435
1,1,3,3,5,2,39.25286490112301
1,3,5,1,3,1,47.81486346194999
4,5,4,4,4,0,87.6871488506954
5,4,5,2,1,0,74.43002451382661
1,1,1,2,4,1,25.086330442013526
4,1,1,5,4,1,61.98249239093145
1,2,3,4,5,1,54.42093869356393
4,4,1,2,1,0,59.00775001171961
4,4,3,5,3,1,81.62822310697048
1,5,5,2,3,2,53.11360637316317
4,2,2,3,3,0,63.76917773396553
5,1,3,2,1,1,56.960310582918716
5,1,4,1,3,0,65.05390692002868
1,1,1,3,2,1,29.93580889558181
2,1,5,3,4,0,54.244624123400776
2,5,2,5,2,0,62.623453938189726
3,2,5,2,3,2,61.835721884431024
1,5,4,5,4,0,68.44126045547723
5,3,1,4,1,2,67.33938050032557
4,3,4,1,4,1,58.067716777238985
5,3,1,4,4,1,66.29212069102861
1,5,3,3,1,1,64.22411624238325
1,1,5,2,1,1,35.869597682138036
5,1,5,3,5,1,72.80658138468262
2,3,5,2,2,2,52.58709533324963
4,2,3,4,5,2,69.67922836442912
5,3,3,3,3,0,68.31867554928903
1,4,2,3,2,2,46.071945325964755
1,3,5,2,2,0,55.244332680175354
1,2,3,2,4,2,38.506182905925925
1,2,4,3,1,0,46.943055596326104
1,4,2,3,3,0,53.11114657780179
5,2,4,2,2,2,71.27478047359645
4,3,2,3,1,2,58.7027049745902
5,3,4,2,2,0,87.20629538488393
5,4,1,3,3,1,74.27266848271042
5,4,1,1,4,1,66.62438812203413
2,3,2,3,1,1,41.62037792959133
2,2,3,4,5,1,55.5147043706293
5,2,4,5,5,2,88.13163488450017
2,3,2,4,4,2,63.54767307813135
1,2,1,4,5,1,49.39164550220115
4,4,2,1,3,2,64.92596153364809
5,2,3,2,5,2,61.72169896852214
5,4,3,4,4,0,84.43580908912836
5,4,4,5,3,2,80.79298810973499
1,5,2,3,1,2,42.56264403309622
4,1,4,5,3,0,67.19579342288618
5,4,4,2,5,2,84.61599723634875
4,1,4,1,5,2,62.516885492404015
5,2,3,1,3,1,63.48568120193047
5,1,5,3,2,1,70.65792992871374
3,1,2,4,4,1,46.07673707503812
1,1,4,2,1,2,34.47511657657667
3,1,1,4,1,2,33.46441607182756
2,5,1,4,3,2,48.98315435299903
1,1,5,2,5,1,50.70321354921537
1,2,3,2,2,0,34.2343780310452
4,4,4,4,3,2,82.36249251071527
3,5,4,4,2,0,80.54173788940021
3,5,4,1,3,0,64.90341337688402
4,1,2,2,1,0,47.9515554727765
3,5,1,3,3,2,58.694216356931776
4,4,1,3,3,1,53.770605626865894
1,1,5,1,2,0,38.616547022212295
5,3,2,5,2,0,69.6456306014212
3,5,3,2,4,1,66.79955494706434
1,2,3,2,1,2,45.876715589227636
5,1,1,1,1,2,36.370715086336645
4,5,3,5,1,1,79.91435567685735
1,5,1,2,5,1,46.025963814276246
1,5,1,5,2,2,58.54130704633662
1,5,1,3,1,2,47.492156180875334
2,5,5,5,5,0,83.89672174590306
1,3,3,1,1,2,33.2755519119887
4,1,5,1,2,1,52.17206043355839
3,4,3,5,1,2,71.63625253672943
5,2,2,5,4,0,79.85398860863782
4,3,4,3,4,0,74.40153908612093
4,4,5,1,4,2,70.51289639614284
3,5,3,5,2,2,75.69469261231035
1,2,1,2,2,0,42.13736022168805
1,2,2,5,5,2,49.512114053594566
4,4,5,5,5,0,96.30920429696799
1,1,3,5,1,2,36.298353170806436
1,3,5,4,4,0,60.78956974181806
2,4,3,4,5,0,69.09782603062771
5,3,1,3,3,2,65.98664154131433
3,2,5,1,4,2,55.1680565994442
4,5,4,2,1,0,68.952412714347
3,2,4,4,1,0,62.9414220155133
1,4,5,5,1,1,68.95775406325072
2,3,1,3,1,0,49.56071779060961
1,1,5,4,5,2,62.019652416264336
4,3,2,1,4,2,58.673097181612974
1,1,5,3,4,2,46.44400377884203
2,5,1,3,2,0,60.754954693892344
5,4,3,5,5,0,90.56534640925791
3,2,4,2,1,2,47.08772370666205
3,3,1,2,5,0,47.83182167240544
3,4,1,2,1,1,52.45965100678155
4,2,5,1,1,1,58.113626692580006
2,2,1,3,1,2,36.86785022629651
4,3,4,4,4,0,80.36266682355097
5,2,5,5,2,2,82.79518572492518
3,4,4,5,3,2,81.64936624209216
3,1,3,1,3,0,34.34231946813318
1,5,3,2,4,1,58.266989586106014
2,2,4,2,2,0,51.473442611986044
5,3,3,2,1,1,57.36707071656158
3,1,3,5,2,0,50.72552179345014
2,2,1,1,2,0,28.797574188355398
3,4,4,1,4,1,65.10849085529958
3,2,4,5,4,1,75.13926984347032
3,1,4,5,1,0,66.11294702332451
4,3,1,2,4,0,52.92856223463358
2,1,4,2,1,0,43.632786252467874
4,2,4,3,4,2,69.79398926071157
3,3,1,3,2,1,51.93812885757374
5,3,5,5,2,0,85.99489817369619
1,4,3,3,3,0,54.51871251225664
1,4,3,1,2,2,53.43785060403211
3,5,4,3,4,0,81.51233257184029
3,1,3,3,5,2,48.69923051200866
4,2,3,3,5,1,68.97860540440274
3,1,2,3,3,0,50.46186687255726
5,1,5,5,3,0,77.57483643575894
3,2,5,5,3,0,74.65712185251365
1,3,1,2,4,2,39.94037017149519
1,5,4,2,3,1,60.00233860538126
5,4,1,4,3,1,72.60620272338524
1,4,2,3,3,0,38.90877957100166
5,4,5,3,2,2,82.59800803047062
2,1,1,1,3,0,26.658747127727146
1,5,2,2,4,1,47.067760109037216
2,5,2,4,3,2,70.17009142369763
4,1,4,5,5,2,72.52103759267229
3,3,3,4,5,1,66.85084459527727
4,5,3,2,3,2,70.17598324448788
4,3,5,1,5,0,73.4808479231437
3,5,3,1,1,2,64.95718046658757
4,5,4,2,5,1,76.8651707822653
5,3,1,3,2,1,61.975858138616964
3,1,2,5,3,0,56.340332494255854
1,2,5,5,2,2,45.31999435457936
3,2,5,1,3,2,56.71215118797297
5,3,4,4,2,2,74.8535431472623
2,3,2,2,4,0,48.33085071122483
5,3,1,1,1,1,51.49185721814049
3,1,5,3,5,2,62.688123026036465
4,2,4,1,5,1,72.6181361021136
2,4,2,2,3,2,50.38038763035724
5,1,3,3,3,2,63.45855504547052
1,2,4,2,4,0,55.97373209204557
2,5,3,3,1,1,57.24992210813723
3,1,5,3,4,0,69.07337674464483
3,3,1,4,2,1,53.026615033135535
3,2,2,1,4,1,55.909481129324625
1,1,1,1,2,2,25.751005624731597
2,3,4,3,4,2,61.535541812912115
1,3,4,2,4,1,50.671846590567064
3,1,5,4,2,1,55.87979280060395
2,1,3,1,4,1,40.378957749821765
3,1,1,3,3,1,46.486807295100114
3,4,3,5,2,1,68.93444284501665
4,5,1,1,3,2,60.41688597469073
3,1,4,2,5,2,53.74608732911114
4,2,4,5,1,2,71.96238306791527
3,2,5,3,5,0,73.12580727549928
4,2,2,1,5,1,51.66424743115815
4,2,2,2,3,1,50.65706071276255
2,1,1,4,4,1,42.89679459833556
2,3,3,5,2,1,65.63766032378628
4,2,3,2,1,2,59.72995154156279
2,2,4,3,3,1,46.74073893910044
3,2,4,4,5,0,64.67962015004069
1,5,1,1,2,1,37.34698222655245
3,4,2,2,4,2,58.6624373904237
3,3,3,4,4,0,73.02204998017677
4,2,2,1,4,0,45.88699675608491
3,5,1,4,2,2,54.905673533599064
2,5,5,3,2,0,65.85722923283198
5,1,4,5,3,1,73.43655301287997
3,5,3,1,5,2,71.10377410320379
5,4,2,5,5,0,85.18724217430767
4,1,5,2,3,1,66.87842701615509
3,4,1,1,5,0,46.18457202883036
5,1,3,4,3,0,70.94168269179468
1,1,5,3,2,0,42.43952339976855
5,1,5,5,1,0,75.65747154902434
5,3,2,1,4,1,57.38287286618397
3,4,4,1,4,1,65.02478348504535
4,3,1,3,5,0,63.18135385294505
3,1,1,5,4,2,55.778755187492074
2,1,2,3,1,2,28.073726886961175
4,5,5,4,3,0,87.1537627426745
2,5,4,5,4,2,70.57382354428928
2,4,3,5,3,0,67.52748022104137
3,1,2,3,3,1,49.88608268228063
5,5,1,4,5,1,87.43585121254046
2,4,2,3,4,1,54.32485272845813
3,3,1,4,4,2,61.63613242844394
1,1,1,3,3,2,36.80450793738527
1,5,4,3,2,0,51.783765150722665
1,3,1,3,3,1,43.061724600492255
1,1,1,4,5,2,41.79255626890053
5,2,3,4,4,2,70.70636806806282
5,3,2,5,4,2,69.94613211237446
5,1,3,4,1,1,65.71477878054833
1,2,1,1,5,0,27.002455862211207
1,3,2,3,2,1,41.108242827445494
2,5,3,2,5,2,64.79937971098336
3,1,4,1,3,2,51.57769025852001
2,3,3,1,5,2,48.86684220243734
3,5,3,3,5,2,70.57708155586073
1,5,3,5,4,1,66.49457739381556
4,5,2,3,5,0,81.03195238809874
2,1,2,3,4,1,53.437250003265746
1,5,3,1,5,1,48.46259400110613
4,5,1,4,1,2,68.5767100889329
5,2,4,1,1,1,55.56732486882854
1,3,4,5,3,2,63.09405621603372
3,3,2,5,5,0,61.30727726345382
5,3,2,5,4,2,72.62675890908838
4,2,2,2,3,1,51.05364570468002
5,5,4,1,3,2,79.61900530640098
3,5,4,2,4,1,74.61598798429354
2,2,1,4,5,1,50.41850696804257
4,5,3,2,5,0,76.97116226908608
1,2,1,5,1,2,30.350544887797092
2,4,3,1,3,2,56.638930751550944
4,3,2,1,2,2,53.73520668168486
4,3,2,2,4,0,66.8086739500735
1,1,3,4,3,0,37.46130610260032
3,4,2,4,5,2,59.988626363245025
2,2,2,2,3,0,41.82986998658463
3,2,4,4,4,1,70.47976344142133
5,1,5,4,1,1,69.80471068308026
1,5,1,3,5,2,53.00165100413572
5,1,2,3,1,2,49.64826491171283
3,4,5,1,2,2,73.78883233340412
4,5,3,2,5,0,71.85198702557611
3,1,2,3,5,1,46.3730287118588
2,3,3,1,3,2,50.850170980420124
4,3,1,3,3,2,48.719896550566034
4,2,1,1,1,0,49.372953326906696
1,4,4,4,5,2,67.12096557108677
4,3,3,1,1,1,60.49615535905554
4,3,4,1,1,0,62.79058505974827
2,3,2,4,3,1,52.19438241271815
5,5,5,2,1,2,77.68425644922287
4,4,3,2,1,0,63.299622793875194
2,2,4,2,4,0,47.12381844123683
1,5,1,2,4,2,51.43077655038191
4,5,1,4,2,2,73.03389915274052
2,5,4,4,4,0,80.38404315599105
4,4,5,2,4,2,79.85883820276432
3,2,5,4,2,2,68.62287678297594
3,4,2,4,4,2,64.51427631384928
1,2,1,3,3,0,32.60861430995902
4,2,5,3,5,1,75.36835945408401
1,3,4,5,1,2,52.06763563641545
3,5,2,3,2,2,65.3459289441383
5,3,4,2,2,1,65.6940390533229
5,2,5,3,2,0,68.59186158761851
5,3,2,5,5,0,81.17704650509145
5,2,4,4,4,0,80.43345037703048
3,4,4,1,3,0,58.07171915516661
2,2,3,3,3,0,52.353071552532114
5,3,4,4,5,0,80.33632163482363
5,2,2,2,3,2,60.08252588100155
5,2,5,5,2,1,86.08472207895323
4,5,5,5,1,1,90.03743617011474
1,2,5,5,2,2,58.979359940110974
3,1,4,1,4,1,59.54395179228483
3,2,1,3,3,1,43.480603294751006
5,3,2,3,3,0,63.07062512503727
2,1,3,4,3,1,43.38938864885705
2,2,5,5,5,0,65.72749473296693
1,1,3,2,5,1,27.22724692854053
5,3,3,3,1,2,66.96285881651595
4,4,1,4,1,1,59.277146340525455
1,5,4,4,2,0,66.91879883698901
3,2,2,4,5,2,59.76209689505019
3,5,1,2,3,2,55.996516861153324
3,2,5,5,5,1,75.94980422681452
5,4,1,1,4,0,68.61631529911885
1,3,1,3,3,2,36.15727105104295
2,4,1,4,2,0,49.53487872308791
1,4,3,1,2,2,33.87318406451009
2,3,1,3,1,0,36.54670012815358
5,2,5,3,3,1,71.28765219788211
5,3,3,4,2,2,73.37083088303012
1,5,2,1,2,0,41.27308660320093
4,5,1,2,1,0,58.43274006475446
2,5,3,2,4,0,56.873346592087
1,1,1,4,5,1,37.85556949265635
2,3,5,2,3,1,61.128572972924545
1,1,2,3,3,0,36.01182674209911
3,4,3,4,5,1,72.0618056595263
5,5,1,4,3,2,69.29463501749305
3,1,1,1,4,2,34.90023168053575
4,4,2,5,3,0,70.9634666384076
3,5,1,1,3,1,53.98352343539687
1,5,4,1,3,0,56.37490608994918
1,2,5,1,4,1,54.127706861855096
2,1,5,2,4,2,55.060481063423
2,5,2,5,3,2,61.06241110075651
5,5,4,2,1,0,82.39201437648316
5,3,3,4,5,0,82.20151183832868
5,5,1,3,5,2,73.96966263524217
4,1,1,1,1,2,42.24432961317719
3,4,3,3,2,0,62.1981168202737
4,1,3,1,5,0,46.95023254992777
3,5,1,3,2,1,62.27601362318571
4,4,5,3,5,1,84.08480911807263
4,5,4,3,4,1,80.86161185407086
4,3,3,2,5,2,66.8127345750835
4,1,5,4,1,2,59.4045726055577
1,1,5,3,3,2,49.050652518985544
4,2,5,2,3,0,65.78274682745536
2,4,2,3,5,2,59.83224421974115
4,1,5,1,2,2,57.78570962214437
3,5,3,5,2,1,68.22707192786838
5,2,4,4,1,1,65.52858489058974
2,3,5,2,4,2,49.95027770191895
5,2,1,4,5,2,68.82371129245203
5,3,3,4,1,1,64.93894988126618
2,3,1,4,2,0,47.66284854947826
3,1,2,1,2,1,39.85494112469776
3,3,3,5,5,2,73.0117641944626
4,4,5,5,3,0,78.9799154308197
4,5,5,5,2,2,87.67419190929655
5,2,2,5,2,0,75.35140210393874
2,5,2,5,3,2,74.57157339992156
3,5,3,4,2,1,75.93661547013477
3,5,5,1,1,0,69.6874656940942
5,2,5,3,5,0,73.97446805577312
2,5,2,2,3,0,60.59310812695526
3,3,1,2,2,2,46.20989385626579
1,1,4,5,4,1,52.80264137636422
5,2,2,5,4,2,67.83578272573942
2,4,1,3,1,0,46.13533443580035
2,1,1,4,1,2,35.82073680038212
3,3,3,1,1,2,51.23139045746929
3,4,2,2,4,0,62.46861357230122
5,1,3,5,4,1,67.1040250773755
3,3,2,3,4,2,51.28357773944898
3,2,4,3,4,0,69.12392519949898
1,3,4,3,3,0,64.44627084511679
1,2,3,2,3,2,42.237103556011895
2,5,1,5,4,1,57.38003952634945
5,1,3,4,2,0,59.13402441578563
5,5,4,4,5,2,95.54558784525484
4,4,2,2,5,2,74.70557805840643
4,5,2,4,5,0,72.93554682729072
2,5,3,5,5,0,73.3783358957555
1,1,2,4,2,0,35.97966032221984
1,5,3,3,1,2,58.322892256429384
2,3,2,2,3,0,45.281994527998094
2,5,2,3,4,2,54.18092654339038
1,5,4,2,4,1,64.10598779726452
2,3,3,4,2,1,60.623979825856196
1,2,3,1,2,2,34.5870426912742
4,1,4,1,3,2,56.02620045653216
5,1,2,4,5,0,62.62754385286465
4,2,1,2,1,0,41.77113602637053
3,5,5,3,2,0,81.1321284027361
3,3,1,3,2,2,51.9374792390723
2,3,3,3,5,1,60.45184299700942
1,2,2,4,3,0,49.51057573997307
3,3,2,2,1,0,43.72578832840713
3,4,1,4,2,1,55.2398686592029
1,5,5,2,1,2,59.78966674417348
3,4,3,2,3,1,59.17843381119378
2,4,2,3,5,2,62.91568267636226
1,5,4,5,3,2,67.06300389548008
4,3,1,2,5,2,54.03733596251405
3,5,3,3,4,1,72.32885837593831
4,2,3,1,5,2,59.85169385403394
4,1,3,1,2,2,52.67341031448165
5,3,1,4,5,1,72.96570451573713
5,1,5,4,2,1,73.30573195679919
4,1,2,2,3,2,50.60145842003613
5,5,4,4,4,1,90.05888739354033
3,4,4,2,2,0,60.418904424443674
5,2,2,2,2,2,59.444191758296874
4,5,1,3,1,0,62.33437617058181
4,1,2,2,1,2,53.449113102205075
5,2,5,5,3,1,87.71091147386609
3,4,5,3,5,1,80.16419566175803
4,2,5,2,2,0,65.89233469646493
2,4,2,3,3,1,54.56020474509412
5,5,4,4,5,2,86.69438134326433
4,1,1,2,4,0,45.919138883390175
4,1,4,5,1,2,62.507000167026284
3,5,3,3,3,2,71.14728237222332
5,3,4,4,1,2,77.34768183507913
1,3,4,5,2,1,60.606650989388434
1,3,5,3,2,0,50.53922964153566
3,3,3,1,4,2,52.58462196395494
4,4,2,4,1,1,73.2542833987158
5,3,3,1,2,1,67.85490794596575
3,1,1,3,2,2,38.046145289333396
4,4,1,5,2,2,66.46394415523883
3,4,3,3,4,0,66.4864302666255
5,1,5,4,2,2,71.15787061140693
4,2,3,3,2,1,61.36341546119307
3,4,4,2,3,2,78.67496373049914
5,4,1,2,4,1,68.94878280581327
1,1,3,3,1,2,37.312990752126254
5,1,4,1,5,2,55.567616469049284
1,3,2,3,5,2,45.57550003610583
2,3,1,3,4,2,54.14407501358303
5,5,1,5,3,1,82.01157695678307
4,3,5,1,4,0,48.05442707567582
5,5,4,5,3,1,95.37011601158099
4,2,2,3,2,1,64.59082197314385
4,3,2,4,2,2,53.02046206940105
2,1,1,3,1,1,39.59693837822756
1,3,5,2,5,1,43.140221846870354
1,1,1,5,2,0,38.68999472526707
2,3,4,2,2,2,52.9567568699388
1,2,2,1,5,1,25.250143923776918
3,1,2,4,3,0,51.23068913619894
4,1,2,4,4,0,62.7541987457603
5,3,5,5,2,2,85.81943501910789
3,5,1,3,2,0,62.92413818529806
5,1,2,1,4,1,51.941619438304684
5,3,2,1,3,1,52.69305122389488
5,2,2,3,1,0,62.45932011168532
3,5,1,2,5,0,71.74876959723147
2,3,5,5,3,2,73.64790427113729
5,5,2,1,4,1,64.06062085199326
2,2,3,5,2,0,45.42552796394533
3,1,2,2,3,0,38.770161291013295
1,3,5,1,4,1,44.035122743599274
4,4,2,2,5,2,68.22094959778019
4,5,2,1,2,2,65.96707902590262
1,5,2,3,4,0,48.84873358378817
2,5,2,2,5,2,64.88564229637764
3,4,1,3,4,2,62.00551972010007
3,2,4,3,1,0,52.25920437578149
5,3,1,1,1,0,53.13739007008008
2,1,2,1,2,2,22.250994121734838
5,3,2,1,1,1,56.338689218564625
3,2,2,1,4,2,47.036924870651625
5,1,4,1,5,0,64.84373797614094
2,2,3,2,3,0,47.89438456010087
1,3,5,3,3,0,57.22120871615285
1,2,2,2,4,0,36.67828151367166
2,5,5,2,3,1,70.43097471277159
5,3,1,3,3,0,69.01015996655124
1,5,3,3,3,2,57.52250963345178
2,4,4,2,2,1,59.58797445415839
1,1,3,2,1,2,30.069144686679415
5,2,5,3,3,1,71.76620541760214
4,4,2,1,5,0,67.61439833458802
4,3,1,3,1,1,51.22387027914897
4,2,4,5,2,0,70.93073450496095
4,3,1,2,2,2,53.141276857550224
4,5,4,1,5,2,76.48032661739929
1,2,4,4,3,0,48.3592858392667
5,1,5,1,3,1,61.45939503792157
4,2,3,1,4,1,48.77099413955492
4,5,5,1,2,0,77.91447547580846
2,4,1,5,4,0,60.1577341263916
5,5,3,5,1,2,88.24835126224245
2,5,1,3,1,0,49.34271548846603
1,1,4,4,5,1,58.47691812738334
5,2,4,4,4,0,74.10132026075183
2,1,5,4,1,1,46.62445178902652
1,1,4,3,3,0,37.031575400786686
4,5,2,5,1,1,65.3303879838517
2,5,1,4,4,1,68.66313946196564
5,1,5,1,4,1,72.85533695384329
3,4,3,2,2,1,63.00372581442379
1,3,1,5,2,0,39.51955596112111
5,1,5,3,2,1,77.0563384077956
3,5,5,2,2,2,71.24140419239173
2,5,3,5,2,1,66.65487084386673
4,3,4,4,2,0,78.18629540218039
3,4,1,3,3,2,60.29455292240436
1,2,1,3,5,2,50.00551569377296
4,4,2,1,4,2,64.2436113015951
3,3,4,2,2,2,57.01484600210638
4,5,1,3,5,2,68.94097558270103
5,1,1,5,2,2,48.76501911404687
4,1,4,2,5,1,59.60702113596898
4,5,4,1,2,0,77.7229666941369
2,2,4,3,3,1,55.994170863280345
2,2,4,5,2,0,57.101540032802035
3,4,5,3,4,2,70.02532778091835
5,1,4,2,2,1,62.13436509006369
3,3,3,4,5,2,72.06406852597686
2,2,5,4,1,1,58.15359628234993
4,1,2,2,3,1,49.833675848166806
5,5,1,5,1,2,72.01521173359397
5,1,4,3,5,1,74.33590907056006
2,1,2,1,3,1,18.340475906279096
4,4,5,3,4,1,82.91422854432574
3,5,3,5,5,2,92.85160990472299
3,1,5,2,3,2,47.458133063340775
2,4,1,3,1,0,45.79315272649317
1,3,4,4,2,1,52.96044504937637
2,5,3,4,2,1,62.68708592971713
3,1,3,5,5,1,65.1818712127949
5,5,2,1,5,0,78.3622550717765
5,4,5,3,3,2,85.7615018627366
1,5,2,3,5,2,61.98636280584641
4,2,5,1,2,0,61.08375354535872
1,5,3,4,4,0,78.89932244411759
4,4,1,1,2,1,55.75673466828371
2,1,5,3,2,0,50.97641049244852
3,5,1,2,2,2,48.44765975213363
4,4,2,1,3,2,58.28274836348288
3,2,5,5,2,2,72.73688840899905
5,3,5,2,2,1,68.32271574820064
3,2,5,2,2,2,47.21221412849022
5,3,3,5,1,0,74.16157735593788
4,5,4,5,5,0,96.85372253737489
2,5,2,1,2,0,52.211906143480626
4,2,4,2,1,2,56.31937698686828
3,5,3,4,3,1,63.70756031129511
3,3,1,4,5,0,61.261270613510966
1,4,3,5,2,0,60.30637554441523
1,4,3,3,5,1,48.091337504494504
3,3,2,1,4,0,57.67266224348609
1,3,2,5,4,1,55.828477629460544
5,3,3,1,2,1,69.66157971273672
5,5,1,1,1,0,66.91762545916671
4,2,1,4,2,0,57.26841354405659
4,2,4,4,5,1,74.6036044935087
3,2,2,1,4,1,51.34236160750597
1,1,4,1,4,0,28.906211154380408
2,2,3,3,5,1,45.494702831892425
3,1,3,2,2,1,41.31996049905114
5,1,3,4,2,0,62.35089914163725
2,4,3,3,5,1,64.9406846165409
3,1,5,3,3,0,59.62340826614424
2,3,5,3,2,0,65.58552905728016
1,4,2,2,2,0,49.74247649290176
1,4,4,2,5,0,53.63807445853103
2,3,5,4,1,0,62.19288055025236
1,1,1,3,1,2,21.76084226139081
1,5,4,3,4,0,63.05876480823216
2,5,3,3,1,2,61.60895684524248
2,4,5,2,1,2,42.95643961764155
3,1,3,5,5,2,72.05622019819842
1,1,5,3,3,2,48.83204338698737
2,2,1,4,4,0,43.02148362293297
3,1,1,5,3,1,57.636848776151126
5,5,5,5,1,2,90.26284414756903
4,2,3,4,1,1,60.662596929140285
5,2,3,4,4,0,69.56442094801186
2,5,1,3,1,1,60.259959187216694
3,5,2,4,3,2,68.4750764684706
3,2,5,2,2,2,58.74742050369754
5,2,2,4,2,1,70.01891076512723
5,3,3,1,5,0,72.92569728730538
5,4,2,5,4,0,80.72825967432964
4,5,2,2,4,0,76.55195486178731
3,5,1,4,2,1,75.69241614713977
3,5,5,1,2,0,71.5870522439971
5,1,5,1,4,1,66.58380043936282
2,2,1,5,1,0,43.853135418095405
2,3,2,5,2,0,60.55214750415759
5,1,3,2,4,0,58.00401132483539
2,2,2,1,4,0,39.608412201441695
2,1,4,5,1,2,42.312785254366794
3,5,2,5,4,2,68.08066068680013
2,1,1,1,3,2,27.41099998651015
5,1,2,4,2,1,58.72031502969789
5,1,3,2,4,0,69.8454166288506
2,1,1,4,5,2,45.67996402462612
3,3,5,3,3,1,63.43960744905103
5,2,1,1,2,2,47.360097573179424
4,5,1,2,2,1,69.87374341615329
2,2,3,3,3,1,54.63305174314597
3,3,3,4,1,1,59.140749551121026
4,4,2,1,3,0,58.78736767230584
4,4,2,5,1,1,74.62466417852322
1,4,1,4,1,2,39.033364366376574
2,2,4,5,3,0,60.96015199028762
5,3,2,5,4,0,87.36329495446665
2,5,1,1,5,2,55.02677841125729
2,5,2,1,1,1,46.12195260369198
2,4,5,4,2,2,70.0518435133577
1,4,2,1,3,1,40.649956404923266
1,5,5,1,3,1,53.02942078123293
2,4,2,3,5,2,62.50518013436054
5,5,1,5,4,1,87.58917200274861
1,1,2,4,3,0,35.44546663963714
2,2,2,3,1,1,39.11382162951863
1,1,1,1,1,0,15.192173044390852
3,1,3,2,1,1,42.25032199766217
2,3,2,4,4,2,52.18815808538405
4,2,4,1,2,0,51.94483656648373
3,3,3,3,2,2,67.46084415199803
4,3,3,1,4,1,64.33246408374752
4,4,3,2,5,0,74.86197554014676
3,5,1,2,3,0,63.41699784466214
5,5,4,4,5,2,96.85518108379902
3,2,1,5,4,2,52.93445023601642
5,2,4,1,4,2,68.36276311485733
5,4,5,4,5,1,90.6548475786967
3,1,4,4,1,1,55.1923181238833
4,3,3,5,4,1,75.70845442979082
2,3,2,5,5,1,58.08669869567899
5,1,5,1,5,0,61.353506385391
4,4,2,4,3,0,70.73118528482753
5,2,3,3,4,2,67.97865256096351
2,1,4,1,5,1,36.54813876145621
4,4,5,2,5,0,82.53830884444359
3,1,5,5,5,2,72.82671056121387
1,4,1,3,5,0,61.64178237604476
1,1,5,2,2,1,39.04401248339669
3,3,1,2,4,0,48.306440517254664
2,5,3,5,3,1,64.45289484780379
1,2,5,2,5,1,53.043209532435036
3,4,4,1,5,2,68.01159090279178
4,4,5,3,5,2,78.94351832606625
2,5,2,5,3,2,65.12535058998078
5,1,2,1,3,0,42.10667166555321
4,4,2,2,1,0,64.63188373916623
3,5,2,3,4,2,64.14660370163917
5,4,4,1,3,2,74.8267182429351
3,1,3,4,3,0,45.866532893511106
1,5,4,2,4,0,58.08823200269213
1,1,3,1,5,1,34.60204423241236
5,3,2,2,1,0,60.94354576519585
5,3,1,5,3,0,72.39866257761255
4,3,3,5,4,2,81.19537541743111
1,3,5,3,5,1,63.66355471384678
2,1,5,3,4,0,58.81082271573122
1,3,2,5,4,1,59.23052054971569
1,5,3,1,5,1,58.848539407613494
2,3,4,4,5,1,64.81646402190503
3,2,4,4,4,2,69.04555953127527
1,5,1,4,2,0,56.36504642980828
5,1,3,2,3,1,62.24282918983018
3,3,1,4,4,2,49.72686201481948
2,3,1,4,1,1,40.792699234526765
3,3,4,5,4,2,70.62572947984758
4,5,1,1,3,1,65.89810510367951
2,3,2,4,5,1,56.89326790464721
1,5,3,5,2,2,67.68434316725283
1,1,4,2,5,1,49.576183143721416
5,4,3,4,3,2,85.99585234338603
1,3,1,1,3,2,40.02770282240144
4,2,4,4,4,2,64.81503047670641
2,2,5,4,3,0,62.41317749727888
4,4,5,1,5,1,73.96235479522292
1,4,4,1,1,2,38.75466834320401
5,4,3,4,4,1,80.56264433972082
4,1,5,2,5,0,71.62368482813626
3,3,3,3,2,0,60.30371005059232
2,5,1,1,2,2,58.08904685802947
5,1,5,5,3,0,76.88615072634056
2,3,2,3,4,0,64.23901376796454
3,3,5,5,5,2,78.88760612758526
2,5,2,1,4,0,56.112401480768675
2,2,5,2,4,2,49.60304956039251
3,3,3,4,3,1,68.55281370146385
1,4,3,4,4,2,55.4893743552976
1,1,2,4,2,1,31.764761802956365
2,5,5,5,3,2,84.40615281881286
1,5,1,5,1,2,57.79111334397979
3,4,3,1,1,0,60.6602568360534
5,4,2,2,5,2,72.18904432972509
1,4,3,5,5,2,62.74512067347376
1,4,2,3,3,0,48.70072801152075
1,5,4,5,1,0,67.91259090336199
3,3,2,3,1,0,59.76782334247115
2,3,1,1,1,0,37.84073277599204
3,4,1,3,4,1,68.8744554267868
1,1,4,5,2,2,50.48597209016531
2,5,2,4,2,1,59.826003029427916
3,4,2,1,5,0,63.14355703064487
3,4,4,2,5,1,78.52970139354386
3,2,2,5,4,0,68.99144491670667
4,2,2,5,2,2,66.9344567229954
3,3,2,4,3,0,59.12837226829
5,4,2,1,2,2,63.9165337297204
